launchTime, launchX, launchY, landTime, landX, landY, FlightTime, Distance
58.000000, 702526.164295, 4309734.895776, 58.548807, 702671.594148, 4309734.895776, 0.548807, 145.429854
